30-Jun-2018 23:42,04-Jul-2019 15:10
30-Jun-2018 23:37,01-Jul-2018 14:44
30-Jun-2018 23:13,28-Feb-0219 23:34
30-Jun-2018 22:58,01-Jul-2019 18:22
30-Jun-2018 22:36,01-Jul-2019 16:01
30-Jun-2018 22:10,XYZ
30-Jun-2018 21:53,02-Jul-2019 10:36
30-Jun-2018 21:42,30-Jun-2019 23:25
30-Jun-2018 21:36,01-Jul-2019 16:47
30-Jun-2018 21:16,01-Jul-2019 18:18
30-Jun-2018 21:10,04-Jul-2019 12:25
30-Jun-2018 21:02,01-Dec-2018 17:29
30-Jun-2018 20:55,
30-Jun-2018 20:54,01-Jul-2019 15:51
30-Jun-2018 20:45,01-Jul-2019 15:54
30-Jun-2018 20:41,05-Jul-2019 12:42
,
30-Jun-2018 20:33,01-Jul-2019 15:57
30-Jun-2018 20:29,01-Jul-2019 16:05
